{
  "peliculas": [
    {
      "id": 1,
      "titulo": "Forrest Gump",
      "poster": "img/forrestgump.png",
      "director": "Robert Zemeckis",
      "precio": 18.99,
      "categoria": "Comedia",
      "anno": 1994,
      "actores": [
        {
          "nombre": "Tom Hanks",
          "personaje": "Forrest Gump",
          "foto": "img/tomhanks.png"
        }
      ]
    },
    {
      "id": 2,
      "titulo": "El sexto sentido",
      "poster": "img/elsextosentido.png",
      "director": "M. Night Shyamalan",
      "precio": 18.99,
      "categoria": "Misterio",
      "anno": 1999,
      "actores": [
        {
          "nombre": "Bruce Willis",
          "personaje": "Dr. Malcolm Crowe",
          "foto": "img/drmalcolmcrowe.png"
        }
      ]
    },
    {
      "id": 3,
      "titulo": "Todo Sobre Mi Madre",
      "poster": "img/todosobremimadre.png",
      "director": "Almodobar",
      "precio": 18.99,
      "categoria": "Drama",
      "anno": 1999,
      "actores": [
        {
          "nombre": "Penélope Cruz",
          "personaje": "Hermana Rosa",
          "foto": "img/penelopecruz.png"
        }
      ]
    },
    {
      "id": 4,
      "titulo": "300",
      "poster": "img/300.png",
      "director": "Zack Snyder",
      "precio": 18.99,
      "categoria": "Accion",
      "anno": 2007,
      "actores": [
        {
          "nombre": "Gerard Butler",
          "personaje": "Rey Leónidas",
          "foto": "img/gerardbutler.png"
        }
      ]
    },
    {
      "id": 5,
      "titulo": "El silencio de los corderos",
      "poster": "img/elsilenciodeloscorderos.png",
      "director": "Jonathan Demme",
      "precio": 18.99,
      "categoria": "Suspense",
      "anno": 1991,
      "actores": [
        {
          "nombre": "Anthony Hopkins",
          "personaje": "Hannibal Lecter",
          "foto": "img/hanniballecter.png"
        }
      ]
    },
    {
      "id": 6,
      "titulo": "La guerra de las galaxias: Episodio 1-La amenaza fantasma",
      "poster": "img/guerraepisodio1.png",
      "director": "George Lucas",
      "precio": 18.99,
      "categoria": "Aventura",
      "anno": 1999,
      "actores": [
        {
          "nombre": "Jake Lloyd",
          "personaje": "Anakin Skywalker",
          "foto": "img/anakin.png"
        }
      ]
    },
    {
      "id": 7,
      "titulo": "Avatar",
      "poster": "img/avatar.png",
      "director": "James Cameron",
      "precio": 18.99,
      "categoria": "Aventura",
      "anno": "2009",
      "actores": [
        {
          "nombre": "Sam Worthington",
          "personaje": "Jake Sully",
          "foto": "img/jakesully.png"
        }
      ]
    },
    {
      "id": 8,
      "titulo": "I Am Legend",
      "poster": "img/iamlegend.png",
      "precio": 18.99,
      "anno": "2007",
      "categoria": "CienciaFiccion",
      "director": "Francis Lawrence",
      "actores": [
        {
          "nombre": "Will Smith",
          "personaje": "Dr.Robert",
          "foto": "img/drRobert.png"
        }
      ]
    },
    {
      "id": 9,
      "titulo": "The Avengers",
      "poster": "img/theavengers.png",
      "precio": 18.99,
      "anno": "2012",
      "categoria": "CienciaFiccion",
      "director": "Joss Whedon",
      "actores": [
        {
          "nombre": "Chris Evans",
          "personaje": "Capitan America",
          "foto": "img/chrisevans.png"
        }
      ]
    },
    {
      "id": 10,
      "titulo": "The Wolf of Wall Street",
      "poster": "img/thewolfofwallstreet.png",
      "precio": 18.99,
      "anno": "2013",
      "categoria": "Drama",
      "director": "Martin Scorsese",
      "actores": [
        {
          "nombre": "Leonardo DiCaprio",
          "personaje": "Jordan Belfort",
          "foto": "img/jordanbelfort.png"
        }
      ]
    },
    {
      "id": 11,
      "titulo": "Interstellar",
      "poster": "img/interstellar.png",
      "precio": 18.99,
      "anno": "2014",
      "categoria": "CienciaFiccion",
      "director": "Christopher Nolan",
      "actores": [
        {
          "nombre": "Ellen Burstyn",
          "personaje": "Murph",
          "foto": "img/murph.png"
        }
      ]
    },
    {
      "id": 12,
      "titulo": "Game of Thrones",
      "poster": "img/gameofthrones.png",
      "precio": 18.99,
      "anno": "2011",
      "categoria": "CienciaFiccion",
      "director": "Alan Taylor",
      "actores": [
        {
          "nombre": "Emilia Clarke",
          "personaje": "Daenerys Targaryen",
          "foto": "img/daenerystargaryen.png"
        }
      ]
    },
    {
      "id": 13,
      "titulo": "Vikings",
      "poster": "img/vikings.png",
      "precio": 18.99,
      "anno": "2013",
      "categoria": "Accion",
      "director": "Michael Hirst",
      "actores": [
        {
          "nombre": "Travis Fimmel",
          "personaje": "Ragnar",
          "foto": "img/ragnar.png"
        }
      ]
    },
    {
      "id": 14,
      "titulo": "Gotham",
      "poster": "img/gotham.png",
      "precio": 18.99,
      "anno": "2014",
      "categoria": "Crimen",
      "director": "Bruno Heller",
      "actores": [
        {
          "nombre": "Ben McKenzie",
          "personaje": "James Gordon",
          "foto": "img/jamesgordon.png"
        }
      ]
    },
    {
      "id": 15,
      "titulo": "Power",
      "poster": "img/power.png",
      "precio": 14.99,
      "anno": "2014",
      "categoria": "Crimen",
      "director": "Courtney Kemp Agboh",
      "actores": [
        {
          "nombre": "Omari Hardwick",
          "personaje": "James 'Ghost' St Patrick",
          "foto": "img/ghost.png"
        }
      ]
    },
    {
      "id": 16,
      "titulo": "Narcos",
      "poster": "img/narcos.png",
      "precio": 16.99,
      "anno": "2015",
      "categoria": "Crimen",
      "director": "Chris Brancato",
      "actores": [
        {
          "nombre": "Wagner Moura",
          "personaje": "Pablo Escobar",
          "foto": "img/pabloescobar.png"
        }
      ]
    },
    {
      "id": 17,
      "titulo": "Breaking Bad",
      "poster": "img/breakingbad.png",
      "precio": 18.99,
      "anno": "2008",
      "categoria": "Crimen",
      "director": "Vince Gilligan",
      "actores": [
        {
          "nombre": "Aaron Paul",
          "personaje": "Jesse Pinkman",
          "foto": "img/jessepinkman.png"
        }
      ]
    },
    {
      "id": 18,
      "titulo": "Doctor Strange",
      "poster": "img/doctorstrange.png",
      "precio": 11.99,
      "anno": "2016",
      "categoria": "Aventura",
      "director": "Scott Derrickson",
      "actores": [
        {
          "nombre": "Benedict Cumberbatch",
          "personaje": "Doctor Strange",
          "foto": "img/doctorstrange_actor.png"
        }
      ]
    },
    {
      "id": 19,
      "titulo": "Assassin's Creed",
      "poster": "img/assassinscreed.png",
      "precio": 15.99,
      "anno": "2016",
      "categoria": "Aventura",
      "director": "Justin Kurzel",
      "actores": [
        {
          "nombre": "Michael Fassbender",
          "personaje": "Aguilar, Cal Lynch",
          "foto": "img/callynch.png"
        }
      ]
    },
    {
      "id": 20,
      "titulo": "Luke Cage",
      "poster": "img/lukecage.png",
      "precio": 19.99,
      "anno": "2016",
      "categoria": "Crimen",
      "director": "Cheo Hodari Coker",
      "actores": [
        {
          "nombre": "Mahershala Ali",
          "personaje": "Cottonmouth",
          "foto": "img/cottonmouth.png"
        }
      ]
    },
    {
      "id": 21,
      "titulo": "La abuela",
      "poster": "img/La_abuela.png",
      "precio":13.99,
      "anno": "2021",
      "categoria":"Horror",
      "director": "Paco Plaza",
      "actores": [
        {
          "nombre": "Almudena Amor",
          "personaje": "Susana",
          "foto": "img/susana_La_abuela.png"
        }
      ]
    },
    {
      "id": 22,
      "titulo": "Canallas",
      "poster": "img/Canallas.png",
      "precio": 18.99,
      "anno": "2022",
      "categoria": "Comedia",
      "director":"Daniel Guzman",
      "actores": [
        {
          "nombre": "Daniel Guzman",
          "personaje": "Brujo",
          "foto": "img/Daniel Guzman.png"
        }
      ]
    },
    {
      "id": 23,
      "titulo": "Logan",
      "poster": "img/logan.png",
      "precio":18.99,
      "anno": "2017",
      "categoria":"Accion",
      "director":"James Mangold",
      "actores": [
        {
          "nombre":"Hugh Jackman",
          "personaje": "Wolverine",
          "foto": "img/Daniel Guzman.png"
        }
      ]
      },
      {
        "id": 24,
        "titulo": "Perdona si te llamo AMOR",
        "poster": "img/perdona_si_te_llamo_amor.png",
        "precio":9.99,
        "anno": "2014",
        "categoria":"Comedia",
        "director":"Joaquin Llamas",
        "actores": [
          {
            "nombre": "Paloma Bloyd",
            "personaje": "Niki",
            "foto": "img/Paloma_Bloyd"
          }
        ]
      },
      {
        "id": 25,
        "titulo": "Spider-Man: Homecoming",
        "poster":"img/Spider-man_homecoming.png",
        "precio":14.99,
        "anno":"2017",
        "categoria":"Accion",
        "director":"Jon Watts",
        "actores":[
          {
            "nombre": "Tom Holland",
            "personaje": "Spider-man",
            "foto": "img/Tom_Holland.png"
          }
        ]
      },
      {
        "id": 26,
        "titulo": "Salvar o morir",
        "poster":"img/salvar_o_morir.png",
        "precio":17.99,
        "anno":"2018",
        "categoria":"Drama",
        "director":"Frederic Tellier",
        "actores":[
          {
            "nombre": "Pierre Niney",
            "personaje": "Franck Pasquier",
            "foto":"img/pierre_niney.png"
          }
        ]
      },
      {
        "id": 27,
        "titulo": "El mejor verano de mi vida",
        "poster": "img/El_mejor_verano_de_mi_vida.png",
        "precio":18.99,
        "anno": "2018",
        "categoria": "Comedia",
        "director": "Dani de la Orden",
        "actores":[
          {
            "nombre":"Alejandro Serrano",
            "personaje": "Nico",
            "foto": "img/Alejandro_Serrano.png"
          }
        ]
      },
      {
        "id":28,
        "titulo":"Tiempo",
        "poster": "img/Tiempo.png",
        "precio":16.99,
        "anno": "2021 ",
        "categoria":"Horror",
        "director":"M. Night Shyamalan",
        "actores":[
          {
            "nombre": "Thomasin McKenzie",
            "personaje":"Maddox",
            "foto": "img/Thomasin McKenzie.png"
          }
        ]
      },
      {
        "id":29,
        "titulo":"Split",
        "poster":"img/Split.png",
        "precio":19.99,
        "anno": "2016",
        "categoria":"Accion",
        "director":"M. Night Shyamalan",
        "actores":[
          {
            "nombre": "James McAvoy",
            "personaje": "Kevin",
            "foto": "img/James McAvoy.png"
          }
        ]
      },
      {
        "id":30,
        "titulo": "El senor de los anillos-PART1",
        "poster": "img/el_seor_de_los_anillos_Part1.png",
        "precio":14.99,
        "anno": "2001",
        "categoria": "CienciaFiccion",
        "director": "Peter Jackson",
        "actores":[
          {
            "nombre": "Elijah Wood",
            "personaje": "Frodon Sacquet",
            "foto":"img/Elijah Wood.png"
          }
        ]
      },
      {
        "id":31,
        "titulo": "El silencio de otros",
        "poster": "img/El_silencio_de_otros.png",
        "precio":12.99,
        "anno": "2018",
        "categoria":"Documental",
        "director": "Almudena Carracedo, Robert Bahar",
        "actores":[
          {
            "nombre": "María Romilda Servini",
            "personaje": "avocate",
            "foto":"img/María Romilda Servini.png"
          }
        ]
      },
      {
        "id": 32,
        "titulo": "Tenet",
        "poster":"img/Tenet.png",
        "precio":19.99,
        "anno": "2020",
        "categoria":"CienciaFiccion",
        "director": " Christopher Nolan",
        "actores":[
          {
            "nombre":"Robert Pattinson",
            "personaje": "Neil",
            "foto": "img/Robert_Pattinson.png"
          }
        ]
      },
      {
        "id": 33,
        "titulo": "ORIGEN",
        "poster": "img/ORIGEN.png",
        "precio":18.99,
        "anno":  "2010",
        "categoria":"Accion",
        "director":"Christopher Nolan",
        "actores":[
          {
            "nombre":"Leonardo DiCaprio",
            "personaje": "Cobb",
            "foto":"img/Leonardo_DiCaprio.png"
          }
        ]
      },
      {
        "id": 34,
        "titulo":"Contratiempo",
        "poster":"img/contratiempo.png",
        "precio":15.99,
        "anno": "2016",
        "categoria":"Crimen",
        "director":"Oriol Paulo",
        "actores":[
          {
            "nombre": "Mario Casas",
            "personaje": "Adrian Doria",
            "foto": "img/Mario_casas.png"
          }
        ]
      },
      {
        "id": 35,
        "titulo": "Top Gun : Maverick",
        "poster":"img/Top_gun_Maverick.png",
        "precio":16.99,
        "anno": "2022",
        "categoria":"Accion",
        "director": "Joseph Kosinski",
        "actores":[
          {
            "nombre":"Tom Cruise",
            "personaje": "Pete Mitchell",
            "foto":"img/Tom_Cruise.png"
          }
        ]
      },
      {
        "id": 36,
        "titulo": "Spider-Man Into The Spiderverse",
        "poster": "img/spiderman.png",
        "precio": 18.99,
        "año": "2018",
        "categoria": "Animacion",
        "director": "Peter Ramsey",
        "actores": [
          {
            "nombre": "Shameik Moore",
            "personaje": "Miles Morales",
            "foto": "img/shameik.png"
          }
        ]
      }
  ]
}